Datetime,Open,High,Low,Close,Volume
2025-01-28 14:30:00+00:00,230.8800048828125,237.7899932861328,230.8800048828125,237.63999938964844,21113721
2025-01-28 15:30:00+00:00,237.64999389648438,239.4499969482422,237.6300048828125,239.0800018310547,12275716
2025-01-28 16:30:00+00:00,239.05999755859375,240.19000244140625,238.20010375976562,238.5500030517578,8384418
2025-01-28 17:30:00+00:00,238.5500030517578,239.24989318847656,238.23500061035156,238.74420166015625,3770424
2025-01-28 18:30:00+00:00,238.76800537109375,239.10000610351562,238.58999633789062,238.82000732421875,3369693
2025-01-28 19:30:00+00:00,238.82220458984375,239.47999572753906,238.30999755859375,238.83999633789062,4877201
2025-01-28 20:30:00+00:00,238.8800048828125,238.97999572753906,237.75999450683594,238.24000549316406,5143611
2025-01-29 14:30:00+00:00,235.0,237.1300048828125,234.52000427246094,236.8300018310547,11611110
2025-01-29 15:30:00+00:00,236.80999755859375,238.0,236.42999267578125,236.5157012939453,4857419
2025-01-29 16:30:00+00:00,236.52999877929688,237.22000122070312,236.1300048828125,236.86900329589844,4055486
2025-01-29 17:30:00+00:00,236.8699951171875,237.43499755859375,235.4600067138672,237.42999267578125,3400271
2025-01-29 18:30:00+00:00,237.4499969482422,237.66000366210938,236.30999755859375,236.44500732421875,2765958
2025-01-29 19:30:00+00:00,236.44000244140625,239.24000549316406,236.34500122070312,239.0500030517578,4886187
2025-01-29 20:30:00+00:00,239.05999755859375,239.85499572753906,238.72000122070312,239.35000610351562,5064524
2025-01-30 14:30:00+00:00,238.6649932861328,240.7899932861328,238.08999633789062,238.4600067138672,8800925
2025-01-30 15:30:00+00:00,238.4600067138672,239.02999877929688,237.2100067138672,238.16000366210938,6211686
2025-01-30 16:30:00+00:00,238.1844024658203,238.8800048828125,237.80999755859375,238.02999877929688,3222220
2025-01-30 17:30:00+00:00,238.02999877929688,238.7686004638672,237.90499877929688,238.4499969482422,2683972
2025-01-30 18:30:00+00:00,238.44000244140625,239.6699981689453,238.44000244140625,239.25,3360211
2025-01-30 19:30:00+00:00,239.25,240.0500030517578,239.2100067138672,239.5800018310547,4799123
2025-01-30 20:30:00+00:00,239.5800018310547,239.85499572753906,237.24000549316406,237.55999755859375,6836079
2025-01-31 14:30:00+00:00,247.0399932861328,247.19000244140625,240.5500030517578,240.943603515625,27334395
2025-01-31 15:30:00+00:00,240.90499877929688,241.42930603027344,238.58999633789062,238.94900512695312,10162823
2025-01-31 16:30:00+00:00,238.97000122070312,240.0500030517578,238.74000549316406,239.74000549316406,6222938
2025-01-31 17:30:00+00:00,239.75,239.80099487304688,236.22000122070312,236.4250030517578,7822078
2025-01-31 18:30:00+00:00,236.42999267578125,236.86000061035156,234.47000122070312,235.13499450683594,7380314
2025-01-31 19:30:00+00:00,235.15499877929688,235.2799072265625,233.44000244140625,234.2899932861328,7945570
2025-01-31 20:30:00+00:00,234.30999755859375,236.5,233.74000549316406,235.86000061035156,8379858
2025-02-03 14:30:00+00:00,229.44000244140625,231.8300018310547,226.63499450683594,229.25999450683594,21198249
2025-02-03 15:30:00+00:00,229.25999450683594,229.8199005126953,226.0800018310547,226.4199981689453,10347971
2025-02-03 16:30:00+00:00,226.41000366210938,227.1300048828125,225.7100067138672,226.36990356445312,7067637
2025-02-03 17:30:00+00:00,226.36000061035156,227.07000732421875,225.9499969482422,226.89999389648438,4952072
2025-02-03 18:30:00+00:00,226.91000366210938,228.8477020263672,226.88999938964844,228.47000122070312,5283668
2025-02-03 19:30:00+00:00,228.47999572753906,229.2100067138672,228.32000732421875,228.5500946044922,4499030
2025-02-03 20:30:00+00:00,228.57000732421875,228.9698944091797,227.6300048828125,227.97999572753906,5648751
2025-02-04 14:30:00+00:00,227.1999969482422,230.41180419921875,226.64999389648438,230.3699951171875,11635605
2025-02-04 15:30:00+00:00,230.3800048828125,231.54879760742188,230.1199951171875,231.0500030517578,5363016
2025-02-04 16:30:00+00:00,231.05999755859375,232.7899932861328,231.0500030517578,231.77999877929688,5207796
2025-02-04 17:30:00+00:00,231.7899932861328,232.3800048828125,231.38999938964844,232.22000122070312,3095970
2025-02-04 18:30:00+00:00,232.22569274902344,232.36000061035156,231.3800048828125,232.13999938964844,2286596
2025-02-04 19:30:00+00:00,232.13999938964844,232.9499969482422,232.13499450683594,232.3090057373047,3344618
2025-02-04 20:30:00+00:00,232.2899932861328,233.1300048828125,232.02999877929688,232.7899932861328,3490884
2025-02-05 14:30:00+00:00,228.49000549316406,230.60000610351562,228.3000030517578,229.5,9950114
2025-02-05 15:30:00+00:00,229.50999450683594,230.19749450683594,228.8513946533203,230.08999633789062,3447904
2025-02-05 16:30:00+00:00,230.08999633789062,231.27999877929688,229.99000549316406,230.69000244140625,2916112
2025-02-05 17:30:00+00:00,230.67999267578125,230.75,229.6300048828125,229.91000366210938,2376195
2025-02-05 18:30:00+00:00,229.89999389648438,231.52999877929688,229.7100067138672,230.64869689941406,3043271
2025-02-05 19:30:00+00:00,230.63999938964844,231.8699951171875,230.5,231.7949981689453,2871834
2025-02-05 20:30:00+00:00,231.77999877929688,232.6699981689453,231.110107421875,232.4600067138672,3443025
2025-02-06 14:30:00+00:00,231.33999633789062,233.8000030517578,230.779296875,231.5399932861328,6919081
2025-02-06 15:30:00+00:00,231.5850067138672,232.3256072998047,230.4250030517578,231.51499938964844,3599406
2025-02-06 16:30:00+00:00,231.50999450683594,231.63499450683594,230.89999389648438,231.3300018310547,2213517
2025-02-06 17:30:00+00:00,231.34500122070312,232.33999633789062,231.02999877929688,232.19000244140625,2393555
2025-02-06 18:30:00+00:00,232.19000244140625,233.11000061035156,232.0800018310547,232.8699951171875,1818718
2025-02-06 19:30:00+00:00,232.88999938964844,232.88999938964844,231.89500427246094,232.27999877929688,2205672
2025-02-06 20:30:00+00:00,232.2899932861328,233.27999877929688,231.92999267578125,233.22000122070312,3111368
2025-02-07 14:30:00+00:00,232.51499938964844,234.0,229.8800048828125,230.38999938964844,7814805
2025-02-07 15:30:00+00:00,230.33999633789062,231.26800537109375,228.89999389648438,229.05499267578125,5664232
2025-02-07 16:30:00+00:00,229.0850067138672,229.4199981689453,228.19500732421875,228.40060424804688,3763438
2025-02-07 17:30:00+00:00,228.38999938964844,229.44000244140625,228.36329650878906,229.2989044189453,3721234
2025-02-07 18:30:00+00:00,229.2899932861328,229.5,227.8300018310547,227.8800048828125,2602577
2025-02-07 19:30:00+00:00,227.88999938964844,228.5800018310547,227.7899932861328,228.0,2965606
2025-02-07 20:30:00+00:00,227.99000549316406,228.14999389648438,227.25999450683594,227.7100067138672,5030649
2025-02-10 14:30:00+00:00,229.57000732421875,230.5850067138672,228.8000030517578,229.86619567871094,6362641
2025-02-10 15:30:00+00:00,229.88999938964844,229.91160583496094,228.74000549316406,229.36000061035156,3755966
2025-02-10 16:30:00+00:00,229.3708038330078,229.38499450683594,228.23919677734375,228.470703125,2474012
2025-02-10 17:30:00+00:00,228.47000122070312,228.8800048828125,228.3699951171875,228.47000122070312,2457578
2025-02-10 18:30:00+00:00,228.48500061035156,229.03500366210938,228.40499877929688,228.6999053955078,1724663
2025-02-10 19:30:00+00:00,228.6999969482422,228.83999633789062,227.60000610351562,227.69000244140625,2971076
2025-02-10 20:30:00+00:00,227.69500732421875,227.8800048828125,227.1999969482422,227.63999938964844,3507517
2025-02-11 14:30:00+00:00,228.1999969482422,233.49000549316406,228.1300048828125,233.33999633789062,16450165
2025-02-11 15:30:00+00:00,233.32000732421875,234.7178955078125,232.82009887695312,234.64999389648438,7044159
2025-02-11 16:30:00+00:00,234.66000366210938,235.22999572753906,233.72169494628906,234.57229614257812,5739199
2025-02-11 17:30:00+00:00,234.58999633789062,234.625,233.25,233.5449981689453,3044227
2025-02-11 18:30:00+00:00,233.59609985351562,234.1898956298828,233.1300048828125,233.3699951171875,2813907
2025-02-11 19:30:00+00:00,233.3621063232422,233.9250030517578,232.89999389648438,233.1107940673828,3713179
2025-02-11 20:30:00+00:00,233.11000061035156,233.3000030517578,232.1699981689453,232.77000427246094,4614482
2025-02-12 14:30:00+00:00,231.27499389648438,234.0500030517578,230.67999267578125,233.60499572753906,11363398
2025-02-12 15:30:00+00:00,233.58120727539062,235.13999938964844,233.5800018310547,235.07000732421875,5460408
2025-02-12 16:30:00+00:00,235.07000732421875,235.66000366210938,234.72999572753906,235.2899932861328,3522413
2025-02-12 17:30:00+00:00,235.27330017089844,235.88999938964844,234.86000061035156,235.47999572753906,2818998
2025-02-12 18:30:00+00:00,235.47320556640625,236.4199981689453,235.32000732421875,236.2100067138672,3035921
2025-02-12 19:30:00+00:00,236.2100067138672,236.66000366210938,236.07000732421875,236.46499633789062,3343068
2025-02-12 20:30:00+00:00,236.4600067138672,236.9600067138672,235.91000366210938,236.88999938964844,4493778
2025-02-13 14:30:00+00:00,236.97500610351562,239.0,235.57000732421875,237.8800048828125,9839880
2025-02-13 15:30:00+00:00,237.89599609375,241.61000061035156,237.72999572753906,240.47999572753906,8943032
2025-02-13 16:30:00+00:00,240.49029541015625,240.83999633789062,239.82000732421875,240.34500122070312,3794251
2025-02-13 17:30:00+00:00,240.3498992919922,241.35000610351562,240.19000244140625,241.02999877929688,3188980
2025-02-13 18:30:00+00:00,241.0399932861328,242.07000732421875,240.52999877929688,241.7698974609375,3761997
2025-02-13 19:30:00+00:00,241.75010681152344,242.33990478515625,241.25999450683594,241.5449981689453,3704786
2025-02-13 20:30:00+00:00,241.5449981689453,241.7689971923828,241.00999450683594,241.52000427246094,4257382
2025-02-14 14:30:00+00:00,241.07000732421875,245.0500030517578,241.0,244.3800048828125,11286651
2025-02-14 15:30:00+00:00,244.3800048828125,244.3800048828125,243.16000366210938,243.94500732421875,4923421
2025-02-14 16:30:00+00:00,243.94000244140625,244.52999877929688,243.69000244140625,243.81520080566406,4178251
2025-02-14 17:30:00+00:00,243.8249969482422,244.30999755859375,243.33999633789062,243.99989318847656,2425988
2025-02-14 18:30:00+00:00,243.97999572753906,244.5399932861328,243.94000244140625,244.14999389648438,1978801
2025-02-14 19:30:00+00:00,244.139892578125,244.3699951171875,243.91009521484375,244.10000610351562,2427820
2025-02-14 20:30:00+00:00,244.0800018310547,245.41000366210938,243.91000366210938,244.57000732421875,4882408
2025-02-18 14:30:00+00:00,243.91000366210938,245.17999267578125,242.860107421875,244.0904998779297,10825110
2025-02-18 15:30:00+00:00,244.0800018310547,244.9698944091797,243.94000244140625,244.72999572753906,3159856
2025-02-18 16:30:00+00:00,244.72000122070312,245.0500030517578,244.17999267578125,244.42999267578125,3072601
2025-02-18 17:30:00+00:00,244.4499969482422,244.5,243.25,243.43499755859375,2653024
2025-02-18 18:30:00+00:00,243.42999267578125,243.48330688476562,241.83999633789062,243.05499267578125,3303217
2025-02-18 19:30:00+00:00,243.05499267578125,243.8350067138672,242.97999572753906,243.52000427246094,2923310
2025-02-18 20:30:00+00:00,243.52999877929688,244.60000610351562,243.14999389648438,244.47000122070312,4972578
2025-02-19 14:30:00+00:00,244.61000061035156,246.00999450683594,243.7899932861328,243.9398956298828,7953912
2025-02-19 15:30:00+00:00,243.92999267578125,244.49000549316406,243.160400390625,244.3957061767578,3875842
2025-02-19 16:30:00+00:00,244.38999938964844,245.65139770507812,244.02999877929688,245.14999389648438,3328518
2025-02-19 17:30:00+00:00,245.13999938964844,245.27999877929688,244.22999572753906,244.7100067138672,1965036
2025-02-19 18:30:00+00:00,244.71499633789062,245.1898956298828,244.22000122070312,244.9001007080078,2025071
2025-02-19 19:30:00+00:00,244.89999389648438,245.1699981689453,244.45010375976562,244.8800048828125,2676277
2025-02-19 20:30:00+00:00,244.8800048828125,245.089599609375,244.53500366210938,244.8800048828125,2963614
2025-02-20 14:30:00+00:00,244.97000122070312,246.77999877929688,244.2899932861328,244.7449951171875,7059474
2025-02-20 15:30:00+00:00,244.74000549316406,246.6999969482422,244.58999633789062,246.13059997558594,4286584
2025-02-20 16:30:00+00:00,246.125,246.4600067138672,245.02999877929688,246.3800048828125,4072175
2025-02-20 17:30:00+00:00,246.3699951171875,246.41000366210938,245.16000366210938,245.44500732421875,2248069
2025-02-20 18:30:00+00:00,245.44000244140625,245.5800018310547,245.02000427246094,245.2550048828125,1791583
2025-02-20 19:30:00+00:00,245.25,245.75,244.85000610351562,245.6199951171875,2339026
2025-02-20 20:30:00+00:00,245.61000061035156,246.0,245.36000061035156,245.86000061035156,3152476
2025-02-21 14:30:00+00:00,245.96499633789062,246.94000244140625,245.22000122070312,245.7899932861328,8207297
2025-02-21 15:30:00+00:00,245.77499389648438,247.4499969482422,245.22000122070312,247.1300048828125,5440754
2025-02-21 16:30:00+00:00,247.14500427246094,247.64999389648438,246.64999389648438,247.3699951171875,4700950
2025-02-21 17:30:00+00:00,247.3800048828125,248.69000244140625,247.10000610351562,247.44119262695312,6864397
2025-02-21 18:30:00+00:00,247.44509887695312,248.0767059326172,246.42999267578125,246.49000549316406,4986285
2025-02-21 19:30:00+00:00,246.5050048828125,246.82000732421875,245.39010620117188,245.8000030517578,7827784
2025-02-21 20:30:00+00:00,245.81500244140625,246.08999633789062,245.3300018310547,245.58999633789062,5597978
2025-02-24 14:30:00+00:00,246.11500549316406,248.86000061035156,244.58999633789062,247.85000610351562,13193734
2025-02-24 15:30:00+00:00,247.85000610351562,247.9541015625,246.00999450683594,247.11019897460938,6815696
2025-02-24 16:30:00+00:00,247.1199951171875,248.32000732421875,247.1199951171875,247.7949981689453,3637316
2025-02-24 17:30:00+00:00,247.82000732421875,248.13999938964844,247.22000122070312,248.0500030517578,2550281
2025-02-24 18:30:00+00:00,248.0500030517578,248.8000030517578,247.6699981689453,248.66000366210938,4364229
2025-02-24 19:30:00+00:00,248.66000366210938,248.75,247.42999267578125,247.61000061035156,3655325
2025-02-24 20:30:00+00:00,247.59500122070312,247.7899932861328,246.82000732421875,247.22999572753906,4975763
2025-02-25 14:30:00+00:00,248.0,249.52000427246094,244.91000366210938,245.11000061035156,12543414
2025-02-25 15:30:00+00:00,245.1300048828125,246.8699951171875,244.91000366210938,246.52499389648438,4912736
2025-02-25 16:30:00+00:00,246.53500366210938,249.97999572753906,246.4300994873047,249.5800018310547,6711698
2025-02-25 17:30:00+00:00,249.5800018310547,249.6199951171875,247.72999572753906,247.97999572753906,3191684
2025-02-25 18:30:00+00:00,247.97000122070312,248.6199951171875,247.16000366210938,247.66810607910156,3236285
2025-02-25 19:30:00+00:00,247.63999938964844,248.58999633789062,247.5500030517578,247.72000122070312,3408426
2025-02-25 20:30:00+00:00,247.72500610351562,247.77000427246094,246.0449981689453,247.0500030517578,4291190
2025-02-26 14:30:00+00:00,244.3300018310547,244.97999572753906,241.4199981689453,243.47999572753906,11922325
2025-02-26 15:30:00+00:00,243.4949951171875,243.72000122070312,241.5800018310547,241.80999755859375,4844532
2025-02-26 16:30:00+00:00,241.8000030517578,243.88999938964844,241.75,243.1300048828125,3260739
2025-02-26 17:30:00+00:00,243.13999938964844,243.2899932861328,240.24000549316406,240.34030151367188,4011307
2025-02-26 18:30:00+00:00,240.33999633789062,240.38999938964844,239.1300048828125,239.82000732421875,4096351
2025-02-26 19:30:00+00:00,239.80999755859375,240.4499969482422,239.52999877929688,239.9499969482422,3160834
2025-02-26 20:30:00+00:00,239.9600067138672,240.7100067138672,239.68499755859375,240.30999755859375,4066395
2025-02-27 14:30:00+00:00,239.34500122070312,242.27999877929688,238.47000122070312,241.375,11860928
2025-02-27 15:30:00+00:00,241.36000061035156,242.4600067138672,240.63999938964844,241.52000427246094,3314596
2025-02-27 16:30:00+00:00,241.52000427246094,241.78480529785156,239.5850067138672,241.05799865722656,2483584
2025-02-27 17:30:00+00:00,241.12969970703125,242.17999267578125,240.36000061035156,241.89999389648438,2123940
2025-02-27 18:30:00+00:00,241.92999267578125,242.0500030517578,240.52000427246094,240.6300048828125,2376630
2025-02-27 19:30:00+00:00,240.64500427246094,240.66000366210938,238.77029418945312,238.9199981689453,4411625
2025-02-27 20:30:00+00:00,238.9550018310547,239.3695068359375,237.10000610351562,237.3800048828125,5981830
2025-02-28 14:30:00+00:00,236.9499969482422,237.8000030517578,234.50999450683594,237.59500122070312,9707088
2025-02-28 15:30:00+00:00,237.5800018310547,237.8300018310547,236.49000549316406,236.9199981689453,3856963
2025-02-28 16:30:00+00:00,236.8699951171875,237.75,236.5500030517578,237.60499572753906,2652791
2025-02-28 17:30:00+00:00,237.69000244140625,237.89999389648438,236.22999572753906,237.41000366210938,3253563
2025-02-28 18:30:00+00:00,237.40499877929688,238.3083038330078,237.00999450683594,237.9199981689453,3040911
2025-02-28 19:30:00+00:00,237.8800048828125,239.77999877929688,237.7003936767578,239.7100067138672,4607390
2025-02-28 20:30:00+00:00,239.69000244140625,242.08999633789062,238.80999755859375,241.83999633789062,7654870
2025-03-03 14:30:00+00:00,241.7220001220703,244.02720642089844,239.8249969482422,241.48500061035156,10137001
2025-03-03 15:30:00+00:00,241.5,242.6300048828125,241.12669372558594,241.19000244140625,3962348
2025-03-03 16:30:00+00:00,241.22999572753906,242.5500030517578,240.6649932861328,242.5399932861328,2726862
2025-03-03 17:30:00+00:00,242.5399932861328,242.98680114746094,240.74000549316406,240.96499633789062,2892774
2025-03-03 18:30:00+00:00,241.02000427246094,241.8699951171875,240.44000244140625,241.15179443359375,3716220
2025-03-03 19:30:00+00:00,241.16000366210938,242.0,236.64999389648438,236.8892059326172,5255129
2025-03-03 20:30:00+00:00,236.8800048828125,238.55999755859375,236.11199951171875,238.13999938964844,6362960
2025-03-04 14:30:00+00:00,237.7050018310547,239.38999938964844,236.35000610351562,238.39999389648438,12574876
2025-03-04 15:30:00+00:00,238.39999389648438,239.80999755859375,237.64999389648438,238.6300048828125,6419558
2025-03-04 16:30:00+00:00,238.58999633789062,240.07000732421875,238.12890625,238.1649932861328,4617834
2025-03-04 17:30:00+00:00,238.11000061035156,238.17990112304688,236.16000366210938,236.75,4297681
2025-03-04 18:30:00+00:00,236.75,238.55999755859375,236.42999267578125,238.2888946533203,3524557
2025-03-04 19:30:00+00:00,238.2899932861328,239.24989318847656,237.9822998046875,238.69000244140625,4105168
2025-03-04 20:30:00+00:00,238.67999267578125,238.75,234.6999969482422,236.07000732421875,6470426
2025-03-05 14:30:00+00:00,235.4949951171875,235.9499969482422,230.5500030517578,230.9199981689453,11396281
2025-03-05 15:30:00+00:00,230.94000244140625,233.1999969482422,230.13999938964844,230.6490020751953,4757085
2025-03-05 16:30:00+00:00,230.6199951171875,234.64999389648438,229.22999572753906,234.53990173339844,5831367
2025-03-05 17:30:00+00:00,234.5399932861328,235.5399932861328,234.0,234.67999267578125,3887648
2025-03-05 18:30:00+00:00,234.66529846191406,236.5500030517578,234.10000610351562,235.74749755859375,2837195
2025-03-05 19:30:00+00:00,235.8000030517578,236.47999572753906,235.14999389648438,236.0399932861328,3103634
2025-03-05 20:30:00+00:00,236.00999450683594,236.35000610351562,235.05999755859375,235.77000427246094,3864004
2025-03-06 14:30:00+00:00,234.43499755859375,237.16000366210938,233.5399932861328,236.47000122070312,8965074
2025-03-06 15:30:00+00:00,236.47000122070312,237.86000061035156,236.2449951171875,236.77999877929688,4326344
2025-03-06 16:30:00+00:00,236.74000549316406,237.33999633789062,234.0404052734375,234.4149932861328,4246957
2025-03-06 17:30:00+00:00,234.39999389648438,235.42999267578125,234.05999755859375,234.2949981689453,3660287
2025-03-06 18:30:00+00:00,234.30499267578125,235.1699981689453,233.39999389648438,233.69000244140625,4333970
2025-03-06 19:30:00+00:00,233.65499877929688,236.00999450683594,233.3300018310547,235.17999267578125,4926584
2025-03-06 20:30:00+00:00,235.1699981689453,235.75999450683594,234.4499969482422,235.32000732421875,4800803
2025-03-07 14:30:00+00:00,235.10499572753906,239.42999267578125,234.75999450683594,238.30999755859375,8540305
2025-03-07 15:30:00+00:00,238.31500244140625,240.16000366210938,237.0301055908203,239.02000427246094,6445384
2025-03-07 16:30:00+00:00,239.0399932861328,239.69749450683594,237.86000061035156,239.2899932861328,6229746
2025-03-07 17:30:00+00:00,239.25999450683594,241.3699951171875,238.8000030517578,240.41439819335938,6264766
2025-03-07 18:30:00+00:00,240.4250030517578,240.91000366210938,238.57000732421875,239.64999389648438,4109056
2025-03-07 19:30:00+00:00,239.6649932861328,239.86000061035156,238.0800018310547,238.8114013671875,3265326
2025-03-07 20:30:00+00:00,238.8000030517578,239.77000427246094,237.94000244140625,239.07000732421875,4811911
2025-03-10 13:30:00+00:00,235.47999572753906,236.16000366210938,228.52000427246094,228.5500030517578,15210592
2025-03-10 14:30:00+00:00,228.55499267578125,229.5,225.2899932861328,226.50869750976562,11879291
2025-03-10 15:30:00+00:00,226.52999877929688,227.2899932861328,224.22000122070312,225.47999572753906,6728298
2025-03-10 16:30:00+00:00,225.5399932861328,226.69000244140625,224.3249969482422,225.2100067138672,5441202
2025-03-10 17:30:00+00:00,225.24000549316406,226.97999572753906,224.8699951171875,226.5800018310547,5343177
2025-03-10 18:30:00+00:00,226.58999633789062,227.51499938964844,224.4208984375,226.9761962890625,7127512
2025-03-10 19:30:00+00:00,226.99000549316406,228.64999389648438,226.5,227.54100036621094,8057482
2025-03-11 13:30:00+00:00,223.8000030517578,225.83990478515625,220.00999450683594,222.52000427246094,17705238
2025-03-11 14:30:00+00:00,222.49000549316406,222.9499969482422,220.58999633789062,221.00320434570312,7838273
2025-03-11 15:30:00+00:00,220.97999572753906,221.74000549316406,218.5,218.5500030517578,8314282
2025-03-11 16:30:00+00:00,218.5399932861328,219.8800048828125,217.4499969482422,217.7550048828125,7268661
2025-03-11 17:30:00+00:00,217.72999572753906,220.97999572753906,217.67999267578125,220.5449981689453,6404020
2025-03-11 18:30:00+00:00,220.5500030517578,223.27999877929688,220.09019470214844,221.82020568847656,7110964
2025-03-11 19:30:00+00:00,221.82000732421875,222.0500030517578,220.5800018310547,220.72999572753906,6574063
2025-03-12 13:30:00+00:00,220.17999267578125,221.75,218.8300018310547,218.9499969482422,13585830
2025-03-12 14:30:00+00:00,218.9499969482422,219.39999389648438,214.91000366210938,216.44500732421875,10732384
2025-03-12 15:30:00+00:00,216.47000122070312,218.61000061035156,216.3300018310547,218.3603973388672,5950460
2025-03-12 16:30:00+00:00,218.44500732421875,218.60000610351562,216.8800048828125,218.18980407714844,4501805
2025-03-12 17:30:00+00:00,218.1300048828125,218.22000122070312,215.92999267578125,216.11000061035156,5341362
2025-03-12 18:30:00+00:00,216.1199951171875,217.08990478515625,215.0500030517578,215.639892578125,6048770
2025-03-12 19:30:00+00:00,215.64999389648438,217.27000427246094,215.27999877929688,216.94000244140625,7314758
2025-03-13 13:30:00+00:00,215.94000244140625,216.8394012451172,214.22000122070312,214.27999877929688,11543428
2025-03-13 14:30:00+00:00,214.3000030517578,214.82000732421875,213.6300048828125,214.0402069091797,6000675
2025-03-13 15:30:00+00:00,214.0449981689453,214.35000610351562,211.5500030517578,211.94000244140625,8062598
2025-03-13 16:30:00+00:00,211.93380737304688,212.92999267578125,210.69000244140625,211.15499877929688,5949778
2025-03-13 17:30:00+00:00,211.13999938964844,212.47000122070312,210.50010681152344,212.2899932861328,5034049
2025-03-13 18:30:00+00:00,212.28599548339844,212.4698944091797,210.36000061035156,210.6300048828125,5897570
2025-03-13 19:30:00+00:00,210.6699981689453,210.7100067138672,208.4199981689453,209.7100067138672,9508816
2025-03-14 13:30:00+00:00,211.25,213.42999267578125,209.5800018310547,210.3780975341797,14448242
2025-03-14 14:30:00+00:00,210.3800048828125,212.3800048828125,209.97999572753906,211.92999267578125,7229106
2025-03-14 15:30:00+00:00,211.92999267578125,213.94000244140625,211.91000366210938,212.23069763183594,5804814
2025-03-14 16:30:00+00:00,212.23500061035156,213.5,212.07229614257812,212.31500244140625,3579047
2025-03-14 17:30:00+00:00,212.30259704589844,212.6898956298828,210.75999450683594,211.2449951171875,6007354
2025-03-14 18:30:00+00:00,211.25,213.41099548339844,211.25,212.90530395507812,4621820
2025-03-14 19:30:00+00:00,212.8946075439453,213.89999389648438,212.7100067138672,213.3800048828125,6350358
2025-03-17 13:30:00+00:00,213.36000061035156,214.97000122070312,212.1699981689453,213.22470092773438,9570854
2025-03-17 14:30:00+00:00,213.22500610351562,213.25999450683594,210.46969604492188,210.75469970703125,5939423
2025-03-17 15:30:00+00:00,210.7550048828125,211.8000030517578,209.97999572753906,211.1999969482422,4387530
2025-03-17 16:30:00+00:00,211.2100067138672,212.3699951171875,211.08999633789062,212.33030700683594,3083388
2025-03-17 17:30:00+00:00,212.35499572753906,214.73019409179688,212.27999877929688,214.4550018310547,4126373
2025-03-17 18:30:00+00:00,214.4499969482422,214.7967987060547,214.07000732421875,214.68499755859375,3623892
2025-03-17 19:30:00+00:00,214.67999267578125,215.22000122070312,213.6699981689453,214.19000244140625,6930829
2025-03-18 13:30:00+00:00,214.13999938964844,215.14999389648438,212.9499969482422,214.55140686035156,10203982
2025-03-18 14:30:00+00:00,214.5500030517578,214.88999938964844,212.64999389648438,213.3300018310547,4477342
2025-03-18 15:30:00+00:00,213.25,213.97999572753906,212.7899932861328,213.72000122070312,3176514
2025-03-18 16:30:00+00:00,213.6999969482422,213.7736053466797,211.49000549316406,212.2834014892578,4535545
2025-03-18 17:30:00+00:00,212.3000030517578,212.32000732421875,211.55979919433594,211.9949951171875,3006313
2025-03-18 18:30:00+00:00,212.0,212.65499877929688,211.810302734375,212.34500122070312,3435188
2025-03-18 19:30:00+00:00,212.34500122070312,213.25999450683594,212.30999755859375,212.7899932861328,4396249
2025-03-19 13:30:00+00:00,214.22000122070312,218.75999450683594,213.91009521484375,217.14500427246094,11385869
2025-03-19 14:30:00+00:00,217.2100067138672,217.2198028564453,214.9600067138672,215.66900634765625,5115267
2025-03-19 15:30:00+00:00,215.69000244140625,216.75,215.17999267578125,215.3000030517578,3249560
2025-03-19 16:30:00+00:00,215.2899932861328,215.3300018310547,214.2899932861328,214.3800048828125,2801294
2025-03-19 17:30:00+00:00,214.39199829101562,215.04969787597656,213.75,214.27000427246094,4823378
2025-03-19 18:30:00+00:00,214.27000427246094,217.0590057373047,214.25,215.50990295410156,6058928
2025-03-19 19:30:00+00:00,215.5,215.67999267578125,214.47999572753906,215.3000030517578,5255712
2025-03-20 13:30:00+00:00,213.99000549316406,217.48989868164062,212.89999389648438,216.9904022216797,7527757
2025-03-20 14:30:00+00:00,216.97999572753906,217.2949981689453,215.78759765625,215.91900634765625,4644755
2025-03-20 15:30:00+00:00,215.89999389648438,216.4600067138672,214.02000427246094,214.13999938964844,4337539
2025-03-20 16:30:00+00:00,214.13999938964844,214.50999450683594,213.0,213.22999572753906,5149763
2025-03-20 17:30:00+00:00,213.25999450683594,213.88999938964844,212.72999572753906,212.75999450683594,3180049
2025-03-20 18:30:00+00:00,212.77000427246094,213.39999389648438,212.22000122070312,212.68350219726562,4531064
2025-03-20 19:30:00+00:00,212.69000244140625,214.75999450683594,212.69000244140625,214.14999389648438,5352998
2025-03-21 13:30:00+00:00,211.51499938964844,214.41000366210938,211.47000122070312,213.74000549316406,21249328
2025-03-21 14:30:00+00:00,213.7100067138672,214.83999633789062,213.2606964111328,213.44349670410156,7372592
2025-03-21 15:30:00+00:00,213.44000244140625,215.39999389648438,212.63999938964844,214.65499877929688,3813985
2025-03-21 16:30:00+00:00,214.6699981689453,215.47999572753906,214.48480224609375,214.6199951171875,3366634
2025-03-21 17:30:00+00:00,214.61000061035156,215.03900146484375,214.26010131835938,214.6699981689453,3091390
2025-03-21 18:30:00+00:00,214.6699981689453,215.3699951171875,214.63999938964844,215.30999755859375,4189003
2025-03-21 19:30:00+00:00,215.30999755859375,218.83999633789062,215.00999450683594,218.36000061035156,10148885
2025-03-24 13:30:00+00:00,221.0,221.02099609375,218.5800018310547,219.77000427246094,9344812
2025-03-24 14:30:00+00:00,219.80999755859375,220.69000244140625,219.02920532226562,219.15750122070312,4668518
2025-03-24 15:30:00+00:00,219.15499877929688,220.0500030517578,218.9600067138672,219.0,3264720
2025-03-24 16:30:00+00:00,219.01499938964844,219.5,218.82000732421875,219.2899932861328,3057015
2025-03-24 17:30:00+00:00,219.32000732421875,219.85000610351562,219.08999633789062,219.75999450683594,2530901
2025-03-24 18:30:00+00:00,219.77499389648438,220.47000122070312,219.46580505371094,219.77000427246094,4139018
2025-03-24 19:30:00+00:00,219.7899932861328,221.00999450683594,219.66000366210938,220.42999267578125,6001386
2025-03-25 13:30:00+00:00,220.80999755859375,223.38999938964844,220.0800018310547,223.3699951171875,8242408
2025-03-25 14:30:00+00:00,223.3800048828125,223.89999389648438,222.3000030517578,223.52999877929688,4010970
2025-03-25 15:30:00+00:00,223.5399932861328,223.6999969482422,223.00999450683594,223.11000061035156,2236176
2025-03-25 16:30:00+00:00,223.10000610351562,223.6300048828125,220.72999572753906,222.80999755859375,2317900
2025-03-25 17:30:00+00:00,222.82699584960938,223.94900512695312,222.60000610351562,223.49000549316406,2529710
2025-03-25 18:30:00+00:00,223.5,223.7100067138672,222.78500366210938,223.4199981689453,3423322
2025-03-25 19:30:00+00:00,223.41000366210938,224.10000610351562,223.2899932861328,223.72999572753906,4310099
2025-03-26 13:30:00+00:00,223.5099945068359,225.02000427246097,222.83999633789065,224.07449340820312,8205828
2025-03-26 14:30:00+00:00,224.0850067138672,224.3155975341797,223.11000061035156,223.72000122070312,3253126
2025-03-26 15:30:00+00:00,223.7200927734375,223.8999938964844,222.1199951171875,223.6750030517578,3220107
2025-03-26 16:30:00+00:00,223.6750030517578,223.7899932861328,221.6300048828125,222.0800018310547,2855124
2025-03-26 17:30:00+00:00,222.0800018310547,222.22000122070312,221.4001007080078,221.8350067138672,2219567
2025-03-26 18:30:00+00:00,221.81500244140625,221.8849945068359,220.6000061035156,220.6000061035156,3054676
2025-03-26 19:30:00+00:00,220.6150054931641,221.8800048828125,220.47000122070312,221.3999938964844,4140037
2025-03-27 13:30:00+00:00,221.3300018310547,222.1000061035156,220.5601043701172,221.6499938964844,5508724
2025-03-27 14:30:00+00:00,221.6499938964844,223.2400054931641,221.3999938964844,222.8000946044922,3784484
2025-03-27 15:30:00+00:00,222.8000030517578,223.7599945068359,222.56500244140625,223.19500732421875,2866958
2025-03-27 16:30:00+00:00,223.17999267578125,223.97999572753903,222.72000122070312,223.10499572753903,3509193
2025-03-27 17:30:00+00:00,223.0800018310547,224.55999755859375,223.0500030517578,224.3699951171875,3521517
2025-03-27 18:30:00+00:00,224.3500061035156,224.9900054931641,223.94500732421875,224.7899932861328,3376619
2025-03-27 19:30:00+00:00,224.8000030517578,224.9900054931641,223.6999969482422,223.92999267578125,5491814
2025-03-28 13:30:00+00:00,221.6490020751953,223.8000030517578,219.69500732421875,219.91000366210935,8900229
2025-03-28 14:30:00+00:00,219.88999938964844,220.6499938964844,219.1699981689453,219.97999572753903,4819013
2025-03-28 15:30:00+00:00,219.89109802246097,220.22000122070312,218.3500061035156,218.69000244140625,3075097
2025-03-28 16:30:00+00:00,218.6699981689453,219.1199951171875,218.2100067138672,218.4900054931641,3059478
2025-03-28 17:30:00+00:00,218.5,219.16650390625,218.17999267578125,219.0500030517578,2307054
2025-03-28 18:30:00+00:00,219.0399932861328,219.1499938964844,218.1103973388672,218.5099945068359,3188030
2025-03-28 19:30:00+00:00,218.5,218.75,217.67999267578125,217.8800048828125,5319689
2025-03-31 13:30:00+00:00,217.22000122070312,219.30999755859375,216.2400054931641,218.57000732421875,13611371
2025-03-31 14:30:00+00:00,218.61000061035156,220.0800018310547,218.3256072998047,219.1300048828125,5127759
2025-03-31 15:30:00+00:00,219.1000061035156,220.92999267578125,218.88519287109375,220.9199981689453,3710448
2025-03-31 16:30:00+00:00,220.8999938964844,221.02000427246097,219.38999938964844,219.8699951171875,2845575
2025-03-31 17:30:00+00:00,219.8500061035156,220.8800048828125,219.24169921875,220.7949981689453,2764885
2025-03-31 18:30:00+00:00,220.8000030517578,221.73500061035156,220.38999938964844,221.2250061035156,4172283
2025-03-31 19:30:00+00:00,221.2100067138672,224.97000122070312,220.99009704589844,221.9949951171875,11487559
2025-04-01 13:30:00+00:00,219.80499267578125,223.38999938964844,218.8999938964844,221.5198974609375,9630525
2025-04-01 14:30:00+00:00,221.4900054931641,223.42999267578125,221.36000061035156,222.87989807128903,4197037
2025-04-01 15:30:00+00:00,222.8650054931641,223.13999938964844,222.1499938964844,222.52999877929688,2944555
2025-04-01 16:30:00+00:00,222.55499267578125,223.0800018310547,222.19000244140625,222.3385009765625,2079835
2025-04-01 17:30:00+00:00,222.3000030517578,222.7749938964844,221.4499969482422,221.5,2283252
2025-04-01 18:30:00+00:00,221.4900054931641,222.1199951171875,221.1499938964844,221.72999572753903,2520811
2025-04-01 19:30:00+00:00,221.7100067138672,223.4900054931641,221.57000732421875,223.13999938964844,4133846
2025-04-02 13:30:00+00:00,221.19000244140625,224.10850524902344,221.0500030517578,224.0399932861328,5984058
2025-04-02 14:30:00+00:00,224.02000427246097,224.71539306640625,223.4499969482422,224.47999572753903,3704510
2025-04-02 15:30:00+00:00,224.4499969482422,224.6000061035156,223.11000061035156,224.1300048828125,2694881
2025-04-02 16:30:00+00:00,224.1300048828125,225.19000244140625,223.19000244140625,224.72000122070312,3616264
2025-04-02 17:30:00+00:00,224.72000122070312,224.80999755859375,222.9199981689453,222.92999267578125,2445540
2025-04-02 18:30:00+00:00,222.9199981689453,223.9409942626953,222.8614044189453,223.66009521484375,2653899
2025-04-02 19:30:00+00:00,223.6699981689453,224.4600067138672,223.5,223.7899932861328,4054405
2025-04-03 13:30:00+00:00,205.52000427246097,207.48989868164065,202.52000427246097,205.6349945068359,32868028
2025-04-03 14:30:00+00:00,205.6349945068359,206.47000122070312,203.3699951171875,204.0500030517578,11492280
2025-04-03 15:30:00+00:00,204.0500030517578,207.0399932861328,203.7042999267578,206.05999755859375,8453124
2025-04-03 16:30:00+00:00,206.1000061035156,206.3000030517578,203.8401031494141,204.0050048828125,5727160
2025-04-03 17:30:00+00:00,203.9900054931641,204.6051025390625,202.6999969482422,203.0,6326946
2025-04-03 18:30:00+00:00,202.98280334472656,203.52000427246097,202.13999938964844,202.1999969482422,9806166
2025-04-03 19:30:00+00:00,202.1999969482422,203.86000061035156,201.25,203.05999755859375,14152077
2025-04-04 13:30:00+00:00,193.9250030517578,199.8800048828125,192.8000030517578,195.27999877929688,32115307
2025-04-04 14:30:00+00:00,195.2949981689453,197.21170043945312,191.05999755859375,194.4900054931641,19673653
2025-04-04 15:30:00+00:00,194.46499633789065,196.0,192.2599945068359,192.80999755859375,9394432
2025-04-04 16:30:00+00:00,192.77999877929688,193.9761962890625,190.8999938964844,190.9900054931641,8256831
2025-04-04 17:30:00+00:00,190.97999572753903,192.57000732421875,188.83099365234375,188.8800048828125,12240537
2025-04-04 18:30:00+00:00,188.8999938964844,190.86880493164065,187.34500122070312,190.22999572753903,13768216
2025-04-04 19:30:00+00:00,190.2100067138672,191.72999572753903,188.05999755859375,188.3800048828125,14314697
2025-04-07 13:30:00+00:00,177.0,194.13999938964844,174.6199951171875,181.77000427246097,60689672
2025-04-07 14:30:00+00:00,181.67999267578125,185.93980407714844,175.6999969482422,176.36000061035156,21664542
2025-04-07 15:30:00+00:00,176.41000366210938,180.3300018310547,175.75,178.13999938964844,12923106
2025-04-07 16:30:00+00:00,178.10000610351562,181.72000122070312,177.10000610351562,181.5399932861328,10820708
2025-04-07 17:30:00+00:00,181.55499267578125,183.88999938964844,179.5,180.3350067138672,12360402
2025-04-07 18:30:00+00:00,180.33999633789065,182.3000030517578,178.2801055908203,178.42129516601562,12053848
2025-04-07 19:30:00+00:00,178.44000244140625,182.0,178.43499755859375,181.58999633789065,11790019
2025-04-08 13:30:00+00:00,186.72999572753903,190.3350067138672,185.1000061035156,189.3300018310547,25336677
2025-04-08 14:30:00+00:00,189.32000732421875,189.92999267578125,184.05999755859375,184.08999633789065,11822751
2025-04-08 15:30:00+00:00,184.07000732421875,185.5399932861328,182.2899932861328,183.3300018310547,7825256
2025-04-08 16:30:00+00:00,183.32000732421875,183.51499938964844,175.0,175.02999877929688,15712598
2025-04-08 17:30:00+00:00,175.02000427246094,178.60989379882812,174.85000610351562,175.3300018310547,11562913
2025-04-08 18:30:00+00:00,175.31219482421875,177.22999572753906,171.6300048828125,172.88999938964844,15040705
2025-04-08 19:30:00+00:00,172.8699951171875,173.44000244140625,169.21009826660156,172.77000427246094,16156814
2025-04-09 13:30:00+00:00,172.1790008544922,179.4199981689453,171.88999938964844,178.41180419921875,32288949
2025-04-09 14:30:00+00:00,178.50999450683594,180.4199981689453,176.8300018310547,179.7550048828125,15996521
2025-04-09 15:30:00+00:00,179.75,181.07000732421875,177.75,179.58999633789062,11721052
2025-04-09 16:30:00+00:00,179.57989501953125,194.4900054931641,179.24000549316406,188.5249938964844,19036631
2025-04-09 17:30:00+00:00,188.5099945068359,194.86990356445312,188.1300048828125,190.8000030517578,27276269
2025-04-09 18:30:00+00:00,190.7899932861328,198.97999572753903,183.8699951171875,196.05999755859375,30349699
2025-04-09 19:30:00+00:00,196.0,200.61000061035156,195.91000366210935,198.8500061035156,20947383
2025-04-10 13:30:00+00:00,189.1649932861328,194.7799072265625,189.0,192.14500427246097,25783702
2025-04-10 14:30:00+00:00,192.22000122070312,193.57000732421875,188.69000244140625,188.8592071533203,10331960
2025-04-10 15:30:00+00:00,188.85499572753903,189.22999572753903,183.0,184.27000427246097,16399003
2025-04-10 16:30:00+00:00,184.26499938964844,189.8999938964844,184.1750030517578,188.0099945068359,13927222
2025-04-10 17:30:00+00:00,187.97000122070312,192.0,186.0,191.7599945068359,14336457
2025-04-10 18:30:00+00:00,191.75,192.8000030517578,189.02000427246097,189.98500061035156,10246898
2025-04-10 19:30:00+00:00,190.0,192.43499755859375,187.8300018310547,190.44000244140625,10417028
2025-04-11 13:30:00+00:00,186.17999267578125,193.25,186.05999755859375,189.92999267578125,17210427
2025-04-11 14:30:00+00:00,189.94000244140625,194.1999969482422,189.63999938964844,193.32000732421875,9778670
2025-04-11 15:30:00+00:00,193.2899932861328,197.6699981689453,192.87860107421875,195.80099487304688,11426289
2025-04-11 16:30:00+00:00,195.82000732421875,199.3500061035156,195.80999755859375,196.83070373535156,10272519
2025-04-11 17:30:00+00:00,196.8524932861328,199.5399932861328,196.03790283203125,197.5800018310547,8204023
2025-04-11 18:30:00+00:00,197.6000061035156,198.9438934326172,197.40179443359375,198.3419952392578,6229743
2025-04-11 19:30:00+00:00,198.3500061035156,199.0,197.54139709472656,198.02000427246097,9619486
2025-04-14 13:30:00+00:00,211.44000244140625,212.94000244140625,204.61000061035156,204.75,38852582
2025-04-14 14:30:00+00:00,204.8000030517578,206.1999053955078,203.41000366210935,203.6000061035156,11826668
2025-04-14 15:30:00+00:00,203.6499938964844,204.3800048828125,201.16209411621097,201.75,11801459
2025-04-14 16:30:00+00:00,201.72999572753903,204.97850036621097,201.5850067138672,203.8639984130859,8024983
2025-04-14 17:30:00+00:00,203.8849945068359,205.80999755859375,203.42999267578125,205.7899932861328,6209694
2025-04-14 18:30:00+00:00,205.7899932861328,206.66000366210935,205.38999938964844,205.7100067138672,6862210
2025-04-14 19:30:00+00:00,205.72000122070312,205.8999938964844,202.32000732421875,202.58999633789065,8409251
2025-04-15 13:30:00+00:00,201.85499572753903,203.5050048828125,199.82000732421875,200.8000030517578,13453371
2025-04-15 14:30:00+00:00,200.7899932861328,203.08999633789065,200.68600463867188,202.1150054931641,6103100
2025-04-15 15:30:00+00:00,202.13999938964844,203.3500061035156,201.9600067138672,203.0399932861328,3730153
2025-04-15 16:30:00+00:00,203.0500030517578,203.28399658203125,201.1150054931641,201.6044006347656,3893654
2025-04-15 17:30:00+00:00,201.5850067138672,202.7769012451172,201.30499267578125,201.76499938964844,4045655
2025-04-15 18:30:00+00:00,201.71499633789065,203.2899932861328,201.63999938964844,202.8000030517578,4048783
2025-04-15 19:30:00+00:00,202.8300018310547,202.95899963378903,201.9199981689453,202.1300048828125,4398627
2025-04-16 13:30:00+00:00,198.36000061035156,200.6999969482422,196.02000427246097,197.07000732421875,13937138
2025-04-16 14:30:00+00:00,197.05999755859375,198.98849487304688,196.80999755859375,198.35009765625,6372057
2025-04-16 15:30:00+00:00,198.375,198.3999938964844,196.3905029296875,196.91000366210935,4368116
2025-04-16 16:30:00+00:00,196.91000366210935,197.9199981689453,196.6499938964844,197.7599945068359,3351617
2025-04-16 17:30:00+00:00,197.7599945068359,197.80999755859375,193.9199981689453,194.55499267578125,7922500
2025-04-16 18:30:00+00:00,194.5399932861328,194.64370727539065,192.3699951171875,192.57000732421875,5831097
2025-04-16 19:30:00+00:00,192.5800018310547,194.86349487304688,192.57000732421875,194.3000030517578,7049437
2025-04-17 13:30:00+00:00,197.1499938964844,197.1999969482422,194.63999938964844,195.63999938964844,11995068
2025-04-17 14:30:00+00:00,195.69000244140625,197.09500122070312,194.4199981689453,196.0399932861328,6835084
2025-04-17 15:30:00+00:00,196.02999877929688,198.0500030517578,195.9886932373047,197.80499267578125,4703332
2025-04-17 16:30:00+00:00,197.8260040283203,198.57000732421875,196.67999267578125,196.6999969482422,4953563
2025-04-17 17:30:00+00:00,196.7100067138672,198.83349609375,196.6699981689453,198.27999877929688,3858649
2025-04-17 18:30:00+00:00,198.2899932861328,198.66000366210935,196.8699951171875,197.24220275878903,4857368
2025-04-17 19:30:00+00:00,197.25,197.6999969482422,195.82000732421875,196.8699951171875,4510991
2025-04-21 13:30:00+00:00,193.3500061035156,193.7599945068359,191.36000061035156,192.1199951171875,8862849
2025-04-21 14:30:00+00:00,192.11000061035156,192.4900054931641,190.60499572753903,190.73500061035156,4480370
2025-04-21 15:30:00+00:00,190.72000122070312,191.32000732421875,189.8112030029297,191.1300048828125,4469110
2025-04-21 16:30:00+00:00,191.1199951171875,191.75,190.13999938964844,190.6139984130859,3331629
2025-04-21 17:30:00+00:00,190.58999633789065,191.0,190.2400054931641,190.82000732421875,2848270
2025-04-21 18:30:00+00:00,190.81500244140625,191.3800048828125,190.1999969482422,191.10499572753903,3470291
2025-04-21 19:30:00+00:00,191.08999633789065,193.4199981689453,191.0500030517578,193.08999633789065,5337999
2025-04-22 13:30:00+00:00,196.07000732421875,198.94000244140625,196.0,198.11000061035156,8343567
2025-04-22 14:30:00+00:00,198.1199951171875,199.5500030517578,197.6699981689453,198.8300018310547,5200594
2025-04-22 15:30:00+00:00,198.8300018310547,201.5500030517578,197.86000061035156,201.3800048828125,6986542
2025-04-22 16:30:00+00:00,201.4001007080078,201.52999877929688,198.32029724121097,198.5399932861328,6210265
2025-04-22 17:30:00+00:00,198.5162048339844,200.0099945068359,198.10240173339844,199.8917999267578,3865378
2025-04-22 18:30:00+00:00,199.8800048828125,200.5,198.55999755859375,198.6201934814453,6982874
2025-04-22 19:30:00+00:00,198.625,199.88999938964844,198.0,199.66000366210935,5543168
2025-04-23 13:30:00+00:00,206.0,208.0,204.63009643554688,206.80499267578125,15154970
2025-04-23 14:30:00+00:00,206.80999755859375,207.9499969482422,204.05999755859375,204.6300048828125,7451699
2025-04-23 15:30:00+00:00,204.625,205.41000366210935,202.7989959716797,204.11000061035156,5789475
2025-04-23 16:30:00+00:00,204.13999938964844,205.44000244140625,203.51840209960935,204.9499969482422,3150358
2025-04-23 17:30:00+00:00,205.0,205.6499938964844,204.22000122070312,204.48240661621097,3056243
2025-04-23 18:30:00+00:00,204.47000122070312,205.1699981689453,203.6566925048828,204.0099945068359,3587154
2025-04-23 19:30:00+00:00,204.03089904785156,205.75,203.61000061035156,204.36000061035156,5424069
2025-04-24 13:30:00+00:00,204.8849945068359,206.3500061035156,202.94000244140625,206.32000732421875,8437662
2025-04-24 14:30:00+00:00,206.2899932861328,206.66000366210935,205.2200927734375,205.9250030517578,4262818
2025-04-24 15:30:00+00:00,205.8849945068359,206.75,205.58009338378903,206.2899932861328,4462199
2025-04-24 16:30:00+00:00,206.2899932861328,207.02999877929688,205.82000732421875,206.90499877929688,2541750
2025-04-24 17:30:00+00:00,206.9199981689453,207.7899932861328,206.5500030517578,207.28900146484375,2687289
2025-04-24 18:30:00+00:00,207.3000030517578,208.1000061035156,207.02999877929688,207.0901031494141,3837311
2025-04-24 19:30:00+00:00,207.11000061035156,208.82989501953125,207.08999633789065,208.1999969482422,5785557
2025-04-25 13:30:00+00:00,206.42999267578125,209.24989318847656,206.1999969482422,206.63479614257812,8557840
2025-04-25 14:30:00+00:00,206.63999938964844,207.7628936767578,206.51499938964844,207.1000061035156,3766130
2025-04-25 15:30:00+00:00,207.11000061035156,208.8999938964844,206.66000366210935,208.59129333496097,3799231
2025-04-25 16:30:00+00:00,208.6000061035156,209.41000366210935,208.2899932861328,209.3701934814453,3714961
2025-04-25 17:30:00+00:00,209.38999938964844,209.4149932861328,207.3699951171875,208.50450134277344,3053055
2025-04-25 18:30:00+00:00,208.5099945068359,208.8699951171875,208.13999938964844,208.22000122070312,2357459
2025-04-25 19:30:00+00:00,208.2100067138672,209.42999267578125,207.8699951171875,209.22999572753903,4418187
2025-04-28 13:30:00+00:00,210.05999755859375,211.5,208.7400054931641,208.92999267578125,9371395
2025-04-28 14:30:00+00:00,208.875,209.82000732421875,207.83999633789065,207.9499969482422,4027500
2025-04-28 15:30:00+00:00,207.98590087890625,208.3999938964844,207.4600067138672,207.86000061035156,2434302
2025-04-28 16:30:00+00:00,207.8500061035156,208.72999572753903,207.8500061035156,208.13999938964844,2227932
2025-04-28 17:30:00+00:00,208.1349945068359,210.0500030517578,208.0800018310547,209.8699951171875,3099461
2025-04-28 18:30:00+00:00,209.8699951171875,210.94000244140625,209.7613983154297,210.5399932861328,2610842
2025-04-28 19:30:00+00:00,210.52999877929688,211.4998016357422,210.0399932861328,210.08999633789065,3584738
2025-04-29 13:30:00+00:00,208.6929931640625,212.2400054931641,208.3699951171875,210.9499969482422,9190515
2025-04-29 14:30:00+00:00,210.9600067138672,212.07000732421875,210.6699981689453,211.0399932861328,3218454
2025-04-29 15:30:00+00:00,211.0399932861328,211.32530212402344,210.3999938964844,210.48800659179688,2669695
2025-04-29 16:30:00+00:00,210.4900054931641,210.69000244140625,209.3500061035156,210.36000061035156,2562388
2025-04-29 17:30:00+00:00,210.3699951171875,211.8500061035156,210.22000122070312,211.7227020263672,2467158
2025-04-29 18:30:00+00:00,211.72000122070312,211.96060180664065,211.10009765625,211.3000030517578,2519310
2025-04-29 19:30:00+00:00,211.30999755859375,211.77000427246097,210.9499969482422,211.2400054931641,3222132
2025-04-30 13:30:00+00:00,209.3000030517578,209.72000122070312,206.6705017089844,209.3211975097656,7770541
2025-04-30 14:30:00+00:00,209.34950256347656,210.86000061035156,208.71009826660156,210.5449981689453,3782710
2025-04-30 15:30:00+00:00,210.55999755859375,211.27999877929688,209.9499969482422,210.58999633789065,2740535
2025-04-30 16:30:00+00:00,210.58999633789065,211.36000061035156,209.8000030517578,211.0800018310547,2462208
2025-04-30 17:30:00+00:00,211.07000732421875,212.97000122070312,210.31500244140625,210.71499633789065,3447792
2025-04-30 18:30:00+00:00,210.6999969482422,211.30999755859375,210.27999877929688,210.3446044921875,2871370
2025-04-30 19:30:00+00:00,210.375,213.5399932861328,210.0500030517578,212.4900054931641,7076663
2025-05-01 13:30:00+00:00,209.0099945068359,212.5,208.8999938964844,211.7400054931641,11460361
2025-05-01 14:30:00+00:00,211.75,214.22000122070312,211.31500244140625,212.8966064453125,5794472
2025-05-01 15:30:00+00:00,212.89500427246097,213.1199951171875,211.4149932861328,212.77999877929688,4005190
2025-05-01 16:30:00+00:00,212.77999877929688,212.87759399414065,211.8500061035156,212.5099945068359,4133080
2025-05-01 17:30:00+00:00,212.5099945068359,213.0,212.06500244140625,212.77999877929688,2827555
2025-05-01 18:30:00+00:00,212.7899932861328,213.1999969482422,212.3000030517578,212.94000244140625,3941988
2025-05-01 19:30:00+00:00,212.94000244140625,214.5500030517578,212.47000122070312,212.8300018310547,7135104
2025-05-02 13:30:00+00:00,206.08999633789065,206.8199005126953,202.16000366210935,206.72000122070312,30704404
2025-05-02 14:30:00+00:00,206.72000122070312,206.9900054931641,204.6000061035156,204.9008026123047,9323215
2025-05-02 15:30:00+00:00,204.9199981689453,206.5800018310547,204.860595703125,205.0,8718007
2025-05-02 16:30:00+00:00,205.0,205.88999938964844,204.1499938964844,204.69900512695312,7635353
2025-05-02 17:30:00+00:00,204.6999969482422,205.8300018310547,204.6999969482422,204.8800048828125,7087245
2025-05-02 18:30:00+00:00,204.8699951171875,205.42999267578125,203.66000366210935,204.7599945068359,8882491
2025-05-02 19:30:00+00:00,204.7599945068359,205.5,203.88999938964844,205.3000030517578,9990065
2025-05-05 13:30:00+00:00,203.125,204.1000061035156,198.6199951171875,198.77999877929688,17363317
2025-05-05 14:30:00+00:00,198.78700256347656,199.6499938964844,198.2100067138672,199.19960021972656,8474385
2025-05-05 15:30:00+00:00,199.19000244140625,200.0399932861328,198.66000366210935,199.9739990234375,5978364
2025-05-05 16:30:00+00:00,199.9600067138672,200.63999938964844,199.67010498046875,200.41000366210935,4884446
2025-05-05 17:30:00+00:00,200.41000366210935,201.08999633789065,200.16000366210935,200.9600067138672,3841975
2025-05-05 18:30:00+00:00,200.9499969482422,201.16000366210935,199.3999938964844,199.3999938964844,5400812
2025-05-05 19:30:00+00:00,199.3999938964844,199.5998992919922,198.5196990966797,198.77000427246097,6786984
2025-05-06 13:30:00+00:00,198.125,199.8800048828125,197.02000427246097,198.91000366210935,16561562
2025-05-06 14:30:00+00:00,198.8999938964844,199.1300048828125,197.8500061035156,199.03500366210935,5182787
2025-05-06 15:30:00+00:00,199.03500366210935,200.6490020751953,198.66000366210935,198.97999572753903,4709429
2025-05-06 16:30:00+00:00,198.9750061035156,200.02000427246097,198.9600067138672,199.4250030517578,3055441
2025-05-06 17:30:00+00:00,199.4499969482422,199.82000732421875,198.69000244140625,199.30499267578125,2836848
2025-05-06 18:30:00+00:00,199.2949981689453,199.8500061035156,199.02000427246097,199.7084045410156,3342061
2025-05-06 19:30:00+00:00,199.72999572753903,200.1699981689453,198.3800048828125,198.41000366210935,4603113
2025-05-07 13:30:00+00:00,198.19000244140625,199.44000244140625,197.3500061035156,199.22000122070312,9871911
2025-05-07 14:30:00+00:00,199.2270050048828,199.3999938964844,193.80999755859375,194.35069274902344,11182870
2025-05-07 15:30:00+00:00,194.36000061035156,195.3699951171875,193.25,194.8699951171875,7971845
2025-05-07 16:30:00+00:00,194.8500061035156,195.77999877929688,194.5749969482422,195.3000030517578,4049885
2025-05-07 17:30:00+00:00,195.32000732421875,195.36000061035156,193.3000030517578,194.0099945068359,5113387
2025-05-07 18:30:00+00:00,193.9969940185547,195.7100067138672,193.83140563964844,194.32000732421875,4886414
2025-05-07 19:30:00+00:00,194.33999633789065,197.4698944091797,194.2899932861328,196.25,6299703
2025-05-08 13:30:00+00:00,197.7400054931641,198.1300048828125,194.6795959472656,195.82000732421875,10449699
2025-05-08 14:30:00+00:00,195.8300018310547,197.8300018310547,195.51499938964844,197.5399932861328,5629546
2025-05-08 15:30:00+00:00,197.52999877929688,200.0498046875,197.30999755859375,199.2400054931641,6698875
2025-05-08 16:30:00+00:00,199.23570251464844,199.9900054931641,199.01010131835935,199.13999938964844,3093141
2025-05-08 17:30:00+00:00,199.13999938964844,199.2120056152344,198.08999633789065,198.63999938964844,3307947
2025-05-08 18:30:00+00:00,198.63999938964844,199.68800354003903,198.4499969482422,199.55999755859375,3714346
2025-05-08 19:30:00+00:00,199.57000732421875,199.6199951171875,197.16400146484375,197.3999938964844,5279543
2025-05-09 13:30:00+00:00,199.0050048828125,200.53990173339844,198.1199951171875,198.360107421875,9737491
2025-05-09 14:30:00+00:00,198.3849945068359,199.17999267578125,197.53500366210935,198.42999267578125,4551929
2025-05-09 15:30:00+00:00,198.4199981689453,199.0099945068359,197.92999267578125,198.1349945068359,2891812
2025-05-09 16:30:00+00:00,198.1300048828125,198.4499969482422,197.6000061035156,198.13999938964844,3054224
2025-05-09 17:30:00+00:00,198.14500427246097,199.0998992919922,197.91000366210935,198.91000366210935,2470206
2025-05-09 18:30:00+00:00,198.94000244140625,199.42999267578125,198.7100067138672,198.77999877929688,2945367
2025-05-09 19:30:00+00:00,198.8000030517578,198.92990112304688,198.3401031494141,198.5399932861328,3474290
2025-05-12 13:30:00+00:00,210.97000122070312,211.26649475097656,206.75,209.16000366210935,23789646
2025-05-12 14:30:00+00:00,209.1699981689453,210.22999572753903,208.1199951171875,208.7599945068359,6318334
2025-05-12 15:30:00+00:00,208.77999877929688,208.9864959716797,208.25,208.72999572753903,3944326
2025-05-12 16:30:00+00:00,208.80990600585935,209.9900054931641,208.70919799804688,209.93499755859375,4323467
2025-05-12 17:30:00+00:00,209.94000244140625,210.9600067138672,209.93499755859375,210.77000427246097,4651025
2025-05-12 18:30:00+00:00,210.77999877929688,211.1499938964844,209.9199981689453,210.0500030517578,4909377
2025-05-12 19:30:00+00:00,210.05999755859375,210.8500061035156,209.9600067138672,210.8300018310547,5815190
2025-05-13 13:30:00+00:00,210.42999267578125,211.6656951904297,209.0800018310547,211.4499969482422,15261368
2025-05-13 14:30:00+00:00,211.44500732421875,211.8800048828125,211.0800018310547,211.3849945068359,4791824
2025-05-13 15:30:00+00:00,211.3975067138672,211.61000061035156,210.47999572753903,211.27999877929688,4186585
2025-05-13 16:30:00+00:00,211.27999877929688,211.94000244140625,210.90980529785156,211.7100067138672,3331068
2025-05-13 17:30:00+00:00,211.7100067138672,212.97000122070312,211.70989990234375,212.4600067138672,4232828
2025-05-13 18:30:00+00:00,212.47520446777344,213.3999938964844,212.0399932861328,213.22999572753903,4652431
2025-05-13 19:30:00+00:00,213.19000244140625,213.36000061035156,212.60499572753903,212.83999633789065,4596157
2025-05-14 13:30:00+00:00,212.4250030517578,213.94000244140625,211.8699951171875,213.2899932861328,12096435
2025-05-14 14:30:00+00:00,213.30499267578125,213.7164001464844,211.88980102539065,212.6199951171875,4921349
2025-05-14 15:30:00+00:00,212.6179962158203,212.8800048828125,211.9900054931641,212.2899932861328,3092741
2025-05-14 16:30:00+00:00,212.2949981689453,212.6000061035156,210.58009338378903,210.9600067138672,4235129
2025-05-14 17:30:00+00:00,210.97000122070312,211.94520568847656,210.9600067138672,211.3699951171875,3051755
2025-05-14 18:30:00+00:00,211.3800048828125,212.0500030517578,210.9900054931641,211.3594970703125,3801274
2025-05-14 19:30:00+00:00,211.33999633789065,212.6000061035156,211.2400054931641,212.41000366210935,6352084
2025-05-15 13:30:00+00:00,210.9949951171875,212.52999877929688,209.5399932861328,210.2749938964844,9925447
2025-05-15 14:30:00+00:00,210.32000732421875,212.8000030517578,210.19000244140625,212.49639892578125,5111525
2025-05-15 15:30:00+00:00,212.5,212.9600067138672,211.41009521484375,211.6416931152344,4296380
2025-05-15 16:30:00+00:00,211.6300048828125,212.27999877929688,211.2100067138672,212.12010192871097,2927204
2025-05-15 17:30:00+00:00,212.1300048828125,212.1300048828125,210.2599945068359,210.6300048828125,3649292
2025-05-15 18:30:00+00:00,210.6300048828125,211.2100067138672,210.3249969482422,210.36000061035156,3629914
2025-05-15 19:30:00+00:00,210.3500061035156,211.4600067138672,210.1499938964844,211.45799255371097,5877104
2025-05-16 13:30:00+00:00,212.32000732421875,212.57000732421875,210.55999755859375,210.6000061035156,15838181
2025-05-16 14:30:00+00:00,210.58999633789065,210.66000366210935,209.77000427246097,210.0800018310547,6777501
2025-05-16 15:30:00+00:00,210.08999633789065,211.14990234375,210.08999633789065,210.9550018310547,3654109
2025-05-16 16:30:00+00:00,210.9600067138672,211.4199981689453,210.6999969482422,211.11000061035156,3241029
2025-05-16 17:30:00+00:00,211.11000061035156,211.7400054931641,210.72999572753903,211.6199951171875,3898429
2025-05-16 18:30:00+00:00,211.6300048828125,211.92999267578125,211.42999267578125,211.7250061035156,3274956
2025-05-16 19:30:00+00:00,211.7100067138672,211.72999572753903,211.11000061035156,211.19000244140625,3920156
2025-05-19 13:30:00+00:00,208.0249938964844,208.27000427246097,204.2599945068359,206.61990356445312,15175611
2025-05-19 14:30:00+00:00,206.61000061035156,208.0399932861328,206.2400054931641,207.3300018310547,5318353
2025-05-19 15:30:00+00:00,207.32000732421875,208.5800018310547,207.27999877929688,208.48260498046875,3033717
2025-05-19 16:30:00+00:00,208.4900054931641,209.47999572753903,208.07000732421875,208.92999267578125,3363890
2025-05-19 17:30:00+00:00,208.92999267578125,209.1999969482422,207.77999877929688,208.02999877929688,3106651
2025-05-19 18:30:00+00:00,208.0500030517578,208.8000030517578,207.9600067138672,208.1273956298828,2702881
2025-05-19 19:30:00+00:00,208.1199951171875,208.92999267578125,208.1000061035156,208.7599945068359,4045825
2025-05-20 13:30:00+00:00,208.0449981689453,208.1436004638672,206.47000122070312,207.84500122070312,9911111
2025-05-20 14:30:00+00:00,207.8300018310547,208.47000122070312,207.22000122070312,207.63429260253903,3762244
2025-05-20 15:30:00+00:00,207.6499938964844,208.42999267578125,207.0500030517578,207.80999755859375,4102805
2025-05-20 16:30:00+00:00,207.80999755859375,208.0153961181641,207.11000061035156,207.3800048828125,2803301
2025-05-20 17:30:00+00:00,207.3699951171875,207.40499877929688,205.47000122070312,205.58999633789065,4199913
2025-05-20 18:30:00+00:00,205.5800018310547,206.41000366210935,205.02999877929688,206.27000427246097,4844502
2025-05-20 19:30:00+00:00,206.27000427246097,206.94000244140625,205.92999267578125,206.8699951171875,3731510
2025-05-21 13:30:00+00:00,205.1199951171875,206.7799072265625,204.05999755859375,205.80999755859375,8941675
2025-05-21 14:30:00+00:00,205.8500061035156,207.0399932861328,205.4761962890625,206.5800018310547,4273571
2025-05-21 15:30:00+00:00,206.57000732421875,206.8699951171875,205.5200958251953,205.63999938964844,3570453
2025-05-21 16:30:00+00:00,205.6499938964844,206.08999633789065,202.02000427246097,202.1000061035156,12405386
2025-05-21 17:30:00+00:00,202.08999633789065,203.34500122070312,201.7599945068359,202.3415069580078,7684596
2025-05-21 18:30:00+00:00,202.32000732421875,202.61000061035156,200.72000122070312,201.0301055908203,7028968
2025-05-21 19:30:00+00:00,201.05999755859375,202.4900054931641,201.0500030517578,202.05999755859375,6085411
2025-05-22 13:30:00+00:00,200.71499633789065,201.63999938964844,199.6999969482422,200.36000061035156,13339867
2025-05-22 14:30:00+00:00,200.3699951171875,201.36000061035156,200.3536071777344,200.9499969482422,5239551
2025-05-22 15:30:00+00:00,200.9499969482422,202.4098968505859,200.86000061035156,201.9499969482422,4473843
2025-05-22 16:30:00+00:00,201.94500732421875,202.0699005126953,201.16000366210935,201.88999938964844,3223269
2025-05-22 17:30:00+00:00,201.8800048828125,202.22000122070312,201.6699981689453,201.97000122070312,3552562
2025-05-22 18:30:00+00:00,201.9600067138672,202.72000122070312,201.6499938964844,202.61000061035156,5071372
2025-05-22 19:30:00+00:00,202.6199951171875,202.6499938964844,201.0,201.3699951171875,5705738
2025-05-23 13:30:00+00:00,193.6649932861328,197.6999969482422,193.4600067138672,197.1699981689453,27970489
2025-05-23 14:30:00+00:00,197.1499938964844,197.3699951171875,195.69000244140625,196.5850067138672,7789566
2025-05-23 15:30:00+00:00,196.58999633789065,197.1199951171875,195.71499633789065,196.0502014160156,6693085
2025-05-23 16:30:00+00:00,196.05079650878903,196.67239379882812,195.6349945068359,196.6199951171875,6093930
2025-05-23 17:30:00+00:00,196.6000061035156,196.6000061035156,195.08999633789065,195.75,7300789
2025-05-23 18:30:00+00:00,195.72000122070312,195.8999938964844,195.02999877929688,195.46240234375,6291505
2025-05-23 19:30:00+00:00,195.4600067138672,195.97000122070312,195.02999877929688,195.33999633789065,8128777
2025-05-27 13:30:00+00:00,198.3000030517578,199.1699981689453,197.42999267578125,198.3500061035156,13343197
2025-05-27 14:30:00+00:00,198.36000061035156,199.3699951171875,198.0099945068359,199.3650054931641,6877187
2025-05-27 15:30:00+00:00,199.36000061035156,200.5800018310547,199.0,199.9949951171875,6493372
2025-05-27 16:30:00+00:00,199.9900054931641,200.6499938964844,199.6699981689453,199.95989990234375,4788957
2025-05-27 17:30:00+00:00,199.9550018310547,200.7400054931641,199.80999755859375,200.3699951171875,4199118
2025-05-27 18:30:00+00:00,200.3800048828125,200.5500030517578,200.19000244140625,200.29440307617188,4344607
2025-05-27 19:30:00+00:00,200.3000030517578,200.47000122070312,199.92999267578125,200.1999969482422,6028688
2025-05-28 13:30:00+00:00,200.67999267578125,202.72999572753903,199.8999938964844,200.75,11384135
2025-05-28 14:30:00+00:00,200.7400054931641,201.30999755859375,200.2100067138672,201.0449981689453,4989502
2025-05-28 15:30:00+00:00,201.0500030517578,201.2899932861328,200.86199951171875,201.1000061035156,2681810
2025-05-28 16:30:00+00:00,201.08999633789065,201.52000427246097,200.8249969482422,201.11000061035156,2692955
2025-05-28 17:30:00+00:00,201.1199951171875,201.25,200.72999572753903,200.8500061035156,2564636
2025-05-28 18:30:00+00:00,200.83999633789065,201.52110290527344,200.32000732421875,201.12860107421875,3702217
2025-05-28 19:30:00+00:00,201.08999633789065,201.39500427246097,200.19500732421875,200.4199981689453,4638874
2025-05-29 13:30:00+00:00,203.27000427246097,203.77999877929688,200.7599945068359,201.13999938964844,13269413
2025-05-29 14:30:00+00:00,201.11000061035156,201.6499938964844,200.5500030517578,200.7400054931641,4965675
2025-05-29 15:30:00+00:00,200.7400054931641,200.8000030517578,198.5099945068359,199.4199981689453,6137020
2025-05-29 16:30:00+00:00,199.3999938964844,200.44960021972656,199.3999938964844,199.9750061035156,3935142
2025-05-29 17:30:00+00:00,199.9600067138672,200.1699981689453,199.0399932861328,199.0399932861328,3863280
2025-05-29 18:30:00+00:00,199.0399932861328,199.57000732421875,198.57000732421875,199.13929748535156,4850814
2025-05-29 19:30:00+00:00,199.125,200.2480010986328,199.0800018310547,199.9499969482422,5888522
2025-05-30 13:30:00+00:00,199.40499877929688,199.57000732421875,197.97000122070312,199.2400054931641,8945068
2025-05-30 14:30:00+00:00,199.22999572753903,199.48500061035156,198.80999755859375,199.30999755859375,3302545
2025-05-30 15:30:00+00:00,199.3000030517578,199.3699951171875,197.55039978027344,197.71499633789065,3638495
2025-05-30 16:30:00+00:00,197.72000122070312,198.1699981689453,196.77999877929688,198.0850067138672,5105841
2025-05-30 17:30:00+00:00,198.0800018310547,199.17999267578125,197.9499969482422,199.1199951171875,3188808
2025-05-30 18:30:00+00:00,199.1199951171875,200.22999572753903,198.9199981689453,200.05059814453125,4653738
2025-05-30 19:30:00+00:00,200.07000732421875,201.9499969482422,199.74009704589844,200.66000366210935,12325548
2025-06-02 13:30:00+00:00,201.625,202.1300048828125,200.1199951171875,200.52999877929688,8866907
2025-06-02 14:30:00+00:00,200.52000427246097,201.9900054931641,200.3500061035156,200.7100067138672,4886322
2025-06-02 15:30:00+00:00,200.72000122070312,201.1186981201172,200.3000030517578,201.02999877929688,3147865
2025-06-02 16:30:00+00:00,201.02999877929688,201.16799926757812,200.57000732421875,200.860107421875,2227466
2025-06-02 17:30:00+00:00,200.86000061035156,201.52999877929688,200.58009338378903,201.45399475097656,2804759
2025-06-02 18:30:00+00:00,201.4499969482422,201.7799072265625,201.13999938964844,201.66000366210935,2805599
2025-06-02 19:30:00+00:00,201.6499938964844,201.80990600585935,201.3000030517578,201.8000030517578,3972829
2025-06-03 13:30:00+00:00,202.1349945068359,203.2400054931641,200.9550018310547,201.7400054931641,10305758
2025-06-03 14:30:00+00:00,201.7400054931641,202.69000244140625,201.52020263671875,202.5,4748287
2025-06-03 15:30:00+00:00,202.52000427246097,203.33999633789065,202.05999755859375,203.05499267578125,4217975
2025-06-03 16:30:00+00:00,203.05999755859375,203.7400054931641,202.72000122070312,203.31460571289065,3820571
2025-06-03 17:30:00+00:00,203.3350067138672,203.77000427246097,202.5,203.0917053222656,3339508
2025-06-03 18:30:00+00:00,203.0800018310547,203.4398956298828,202.9900054931641,203.17999267578125,2991230
2025-06-03 19:30:00+00:00,203.17999267578125,203.4698944091797,202.97999572753903,203.33999633789065,4035108
2025-06-04 13:30:00+00:00,203.4499969482422,206.2400054931641,202.6508026123047,205.13999938964844,12614073
2025-06-04 14:30:00+00:00,205.1199951171875,205.17999267578125,203.99009704589844,204.08999633789065,4439145
2025-06-04 15:30:00+00:00,204.08999633789065,204.6000061035156,202.1499938964844,202.8300018310547,7130175
2025-06-04 16:30:00+00:00,202.82000732421875,203.58999633789065,202.6150054931641,203.4149932861328,2639222
2025-06-04 17:30:00+00:00,203.41200256347656,203.47000122070312,202.8500061035156,203.1199951171875,2609590
2025-06-04 18:30:00+00:00,203.11000061035156,203.25,202.7599945068359,203.19000244140625,3114173
2025-06-04 19:30:00+00:00,203.19000244140625,203.44769287109375,202.7599945068359,202.88699340820312,3543324
2025-06-05 13:30:00+00:00,203.59500122070312,203.83999633789065,201.27000427246097,202.4499969482422,9756368
2025-06-05 14:30:00+00:00,202.4499969482422,204.58999633789065,201.6772003173828,204.54379272460935,6631520
2025-06-05 15:30:00+00:00,204.53500366210935,204.75,202.47999572753903,203.13999938964844,4785035
2025-06-05 16:30:00+00:00,203.13999938964844,203.25,201.5500030517578,202.60009765625,3948935
2025-06-05 17:30:00+00:00,202.6000061035156,202.8999938964844,201.1499938964844,202.2104034423828,3145886
2025-06-05 18:30:00+00:00,202.2100067138672,202.72000122070312,200.1999969482422,200.72999572753903,4825395
2025-06-05 19:30:00+00:00,200.7400054931641,201.77000427246097,200.15960693359375,200.5500030517578,6191418
2025-06-06 13:30:00+00:00,202.9949951171875,205.6999969482422,202.98309326171875,203.66000366210935,11106322
2025-06-06 14:30:00+00:00,203.5399932861328,204.05999755859375,202.860107421875,203.0399932861328,5013154
2025-06-06 15:30:00+00:00,203.02000427246097,203.6000061035156,202.61000061035156,202.625,3205114
2025-06-06 16:30:00+00:00,202.6622009277344,203.77999877929688,202.0500030517578,203.58999633789065,4406812
2025-06-06 17:30:00+00:00,203.6000061035156,205.2100067138672,203.58999633789065,204.98500061035156,4157003
2025-06-06 18:30:00+00:00,204.9900054931641,205.47000122070312,204.68499755859375,204.6999969482422,4253859
2025-06-06 19:30:00+00:00,204.69000244140625,205.22000122070312,203.89500427246097,203.92999267578125,5842274
2025-06-09 13:30:00+00:00,204.3999938964844,206.0,203.97999572753903,205.32000732421875,10204602
2025-06-09 14:30:00+00:00,205.3000030517578,205.7400054931641,204.5099945068359,204.52999877929688,4646532
2025-06-09 15:30:00+00:00,204.5301055908203,204.91000366210935,203.72999572753903,203.9288024902344,4660532
2025-06-09 16:30:00+00:00,203.92999267578125,205.2998962402344,200.02000427246097,200.72000122070312,14949524
2025-06-09 17:30:00+00:00,200.7100067138672,202.66769409179688,200.02999877929688,201.4600067138672,13053525
2025-06-09 18:30:00+00:00,201.42999267578125,201.6999969482422,200.6300048828125,201.25,8620350
2025-06-09 19:30:00+00:00,201.2100067138672,202.35499572753903,200.88999938964844,201.44000244140625,7398849
2025-06-10 13:30:00+00:00,200.6000061035156,203.35690307617188,200.57000732421875,202.8699951171875,13200692
2025-06-10 14:30:00+00:00,202.86000061035156,204.3500061035156,202.72999572753903,203.31500244140625,6624997
2025-06-10 15:30:00+00:00,203.32000732421875,203.32000732421875,202.3000946044922,202.5388031005859,4294134
2025-06-10 16:30:00+00:00,202.52999877929688,202.76300048828125,201.75,201.7599945068359,4163222
2025-06-10 17:30:00+00:00,201.7749938964844,202.1000061035156,201.30999755859375,201.6999969482422,5126577
2025-06-10 18:30:00+00:00,201.69000244140625,203.2250061035156,201.6000061035156,202.82000732421875,4955808
2025-06-10 19:30:00+00:00,202.82110595703125,202.9750061035156,202.3300018310547,202.75,4081286
2025-06-11 13:30:00+00:00,203.47000122070312,204.5,202.3300018310547,202.76010131835935,10386969
2025-06-11 14:30:00+00:00,202.7599945068359,202.77000427246097,200.91000366210935,200.94000244140625,7233304
2025-06-11 15:30:00+00:00,200.89500427246097,201.1699981689453,199.65960693359375,200.2071075439453,10232286
2025-06-11 16:30:00+00:00,200.19070434570312,201.2364959716797,200.18499755859375,200.91000366210935,5829259
2025-06-11 17:30:00+00:00,200.90499877929688,200.98500061035156,198.7100067138672,199.23919677734375,6328313
2025-06-11 18:30:00+00:00,199.22000122070312,199.6000061035156,198.6199951171875,198.97999572753903,6509313
2025-06-11 19:30:00+00:00,198.9499969482422,199.125,198.41000366210935,198.8500061035156,6085149
2025-06-12 13:30:00+00:00,199.0800018310547,199.38999938964844,197.360107421875,198.0666961669922,10588317
2025-06-12 14:30:00+00:00,198.0800018310547,198.9250030517578,197.8627014160156,198.1499938964844,5324558
2025-06-12 15:30:00+00:00,198.1336975097656,198.63999938964844,197.7550048828125,198.58999633789065,3767271
2025-06-12 16:30:00+00:00,198.5800018310547,199.44000244140625,198.2100067138672,199.2599945068359,4180542
2025-06-12 17:30:00+00:00,199.2599945068359,199.67990112304688,198.6696014404297,198.75,3327745
2025-06-12 18:30:00+00:00,198.7599945068359,199.0500030517578,198.5449981689453,198.8849945068359,3064478
2025-06-12 19:30:00+00:00,198.8800048828125,199.1999969482422,198.3999938964844,199.1999969482422,3810648
2025-06-13 13:30:00+00:00,199.5099945068359,200.3699951171875,195.91000366210935,196.15499877929688,14838318
2025-06-13 14:30:00+00:00,196.13999938964844,197.63999938964844,195.97999572753903,197.5099945068359,5870070
2025-06-13 15:30:00+00:00,197.52000427246097,198.04750061035156,197.2100067138672,197.27000427246097,4078021
2025-06-13 16:30:00+00:00,197.2899932861328,197.57000732421875,196.9199981689453,197.27000427246097,3611125
2025-06-13 17:30:00+00:00,197.25,197.7100067138672,196.22000122070312,196.2779998779297,4012087
2025-06-13 18:30:00+00:00,196.2599945068359,196.63999938964844,195.80999755859375,196.22000122070312,5166232
2025-06-13 19:30:00+00:00,196.2400054931641,196.69000244140625,195.77000427246097,196.4499969482422,5657582
2025-06-16 13:30:00+00:00,197.2899932861328,198.68499755859375,196.5635986328125,198.42999267578125,10592906
2025-06-16 14:30:00+00:00,198.43499755859375,198.66000366210935,197.1649932861328,197.31500244140625,5091014
2025-06-16 15:30:00+00:00,197.30999755859375,197.6300048828125,196.875,197.0800018310547,4269679
2025-06-16 16:30:00+00:00,197.1000061035156,197.9550018310547,197.02000427246097,197.875,2678380
2025-06-16 17:30:00+00:00,197.8849945068359,198.19000244140625,197.77000427246097,197.9886932373047,3200825
2025-06-16 18:30:00+00:00,197.9900054931641,198.3999938964844,197.66000366210935,198.2449951171875,3569146
2025-06-16 19:30:00+00:00,198.2449951171875,198.4900054931641,197.92999267578125,198.3699951171875,4718967
2025-06-17 13:30:00+00:00,197.25,197.92999267578125,196.2550048828125,197.5800018310547,7902396
2025-06-17 14:30:00+00:00,197.58299255371097,197.7899932861328,197.3249969482422,197.5800018310547,3367583
2025-06-17 15:30:00+00:00,197.58999633789065,198.3889007568359,197.4600067138672,197.6150054931641,3514424
2025-06-17 16:30:00+00:00,197.61000061035156,197.845703125,196.46499633789065,196.52000427246097,4473741
2025-06-17 17:30:00+00:00,196.5099945068359,196.82000732421875,195.2100067138672,195.4600067138672,4011630
2025-06-17 18:30:00+00:00,195.47999572753903,195.94000244140625,195.42030334472656,195.83999633789065,3616427
2025-06-17 19:30:00+00:00,195.8500061035156,195.8849945068359,195.4409942626953,195.63999938964844,4321581
2025-06-18 13:30:00+00:00,195.9199981689453,197.5099945068359,195.07000732421875,197.06019592285156,8663131
2025-06-18 14:30:00+00:00,197.11000061035156,197.57000732421875,196.6349945068359,196.94000244140625,3977500
2025-06-18 15:30:00+00:00,196.8500061035156,197.22999572753903,196.50030517578125,196.9508056640625,2676891
2025-06-18 16:30:00+00:00,196.94000244140625,197.02000427246097,196.0500030517578,196.05999755859375,2527979
2025-06-18 17:30:00+00:00,196.07000732421875,196.97999572753903,195.6300048828125,195.91000366210935,3683814
2025-06-18 18:30:00+00:00,195.9199981689453,196.4499969482422,195.11000061035156,195.63999938964844,5009904
2025-06-18 19:30:00+00:00,195.6300048828125,197.11000061035156,195.46600341796875,196.25,7662210
2025-06-20 13:30:00+00:00,198.23500061035156,200.94000244140625,197.52999877929688,198.67999267578125,26036367
2025-06-20 14:30:00+00:00,198.69000244140625,198.69000244140625,196.8596038818359,197.6699981689453,6560590
2025-06-20 15:30:00+00:00,197.7100067138672,198.86000061035156,197.6999969482422,198.4900054931641,4287672
2025-06-20 16:30:00+00:00,198.4900054931641,199.3699951171875,198.27000427246097,198.32000732421875,4286863
2025-06-20 17:30:00+00:00,198.32000732421875,200.19000244140625,198.07000732421875,199.80999755859375,5317209
2025-06-20 18:30:00+00:00,199.82000732421875,200.33670043945312,199.60009765625,199.92999267578125,7927637
2025-06-20 19:30:00+00:00,199.9199981689453,201.6999969482422,199.77000427246097,200.94000244140625,10755124
